"Transaction Hash","Blockno","UnixTimestamp","DateTime (UTC)","From","To","ContractAddress","Value_IN(POL)","Value_OUT(POL)","CurrentValue @ $0.121517323163779/POL","TxnFee(POL)","TxnFee(USD)","Historical $Price/POL","Status","ErrCode","Method"
"0x97a56dfd91afc6a33f40fa0f2bff66f9d44299d06b76757c668d7a549e772dbe","70719102","1745547623","2025-04-25 02:20:23","0x1082f6bf761fce2b585a87a7e787123ad3d5f8a3","","0xf99024c6e16c2dcca305daf4406b17d93f22a72f","0","0","0","0.027898587562793198","0.00339016168068093","0.25","","","0x60806040"
"0x9e02ab571cbd2b379eec4e6ce1dc8599cc5605daa844ddd1bfed1e1508ee5997","70720136","1745549821","2025-04-25 02:57:01","0x1082f6bf761fce2b585a87a7e787123ad3d5f8a3","0xf99024c6e16c2dcca305daf4406b17d93f22a72f","","0","0","0","0.001856046989504214","0.000225541861830743","0.25","","","Submit Hash By User"
"0xaa7791371ee0966fe3e9bd8dc93bd35dffccbe73e2decd31ce453f15eed60c58","70720162","1745549877","2025-04-25 02:57:57","0x1082f6bf761fce2b585a87a7e787123ad3d5f8a3","0xf99024c6e16c2dcca305daf4406b17d93f22a72f","","0","0","0","0.001431200301172206","0.000173915629509641","0.25","","","Approve Identity"
"0x78b51aab8808cb8ce388467ca0df14925c3cf04e39fcc27b5a059842e1582214","70720197","1745549951","2025-04-25 02:59:11","0x1082f6bf761fce2b585a87a7e787123ad3d5f8a3","0xf99024c6e16c2dcca305daf4406b17d93f22a72f","","0","0","0","0.006779725699120128","0.000823854118741758","0.25","","","Submit Proof"
"0xf01680e0b140308a200844062378f7922f354f26290be48283778aa42ee8f574","70842512","1745810555","2025-04-28 03:22:35","0x1082f6bf761fce2b585a87a7e787123ad3d5f8a3","0xf99024c6e16c2dcca305daf4406b17d93f22a72f","","0","0","0","0.00193249866766026","0.000234832065111644","0.24","","","Submit Hash By User"
"0xa0187974f7789c010717a6a5718a012d641b6ec679d469cc00e385362fc02d06","70842517","1745810565","2025-04-28 03:22:45","0x1082f6bf761fce2b585a87a7e787123ad3d5f8a3","0xf99024c6e16c2dcca305daf4406b17d93f22a72f","","0","0","0","0.0014643306918255","0.000177941545897199","0.24","","","Approve Identity"
"0x3734926dede73d36df0b66b04ff7c4b10d4ce7e4dcc9d556eed930d51620bcfd","70842522","1745810575","2025-04-28 03:22:55","0x1082f6bf761fce2b585a87a7e787123ad3d5f8a3","0xf99024c6e16c2dcca305daf4406b17d93f22a72f","","0","0","0","0.0019224585786795","0.000233612020374376","0.24","","","Submit Hash By User"
"0xee334be9ba4f00ff441698e91aebeb9222e6358268d334a154c15192774e9bbb","70842528","1745810589","2025-04-28 03:23:09","0x1082f6bf761fce2b585a87a7e787123ad3d5f8a3","0xf99024c6e16c2dcca305daf4406b17d93f22a72f","","0","0","0","0.00147348886477599","0.000179054422559214","0.24","","","Approve Identity"
"0x713f784363e6b8b66091c1d039cb401762d8536300cb2aa44a78950062ca687b","70842625","1745810795","2025-04-28 03:26:35","0x1082f6bf761fce2b585a87a7e787123ad3d5f8a3","0xf99024c6e16c2dcca305daf4406b17d93f22a72f","","0","0","0","0.000815057397299285","0.0000990435931446458","0.24","","","Submit Hash By User"
"0x71a9eb8c61eef6bb547eb3293609c499176d85a512b330d45deda8918dc299f2","70842639","1745810823","2025-04-28 03:27:03","0x1082f6bf761fce2b585a87a7e787123ad3d5f8a3","0xf99024c6e16c2dcca305daf4406b17d93f22a72f","","0","0","0","0.000912098892449305","0.000110835815871087","0.24","","","Approve Identity"
"0x4b5d74b3c5dd29cda74e2c414f921d701a8c18bcecc68fbe33a6046e1fb1343c","70842642","1745810831","2025-04-28 03:27:11","0x1082f6bf761fce2b585a87a7e787123ad3d5f8a3","0xf99024c6e16c2dcca305daf4406b17d93f22a72f","","0","0","0","0.000813634461941325","0.0000988706818489114","0.24","","","Submit Hash By User"
"0x8870209ed90c1e6336f25893d5310a89ef57618db1c2e94660ff8105b2555a09","70842647","1745810841","2025-04-28 03:27:21","0x1082f6bf761fce2b585a87a7e787123ad3d5f8a3","0xf99024c6e16c2dcca305daf4406b17d93f22a72f","","0","0","0","0.000911480694554875","0.00011076069411777","0.24","","","Approve Identity"
"0x93920ad83fbdf7c8c4ff96086b79ca0e21bbfb6d657aba14e064cb83dfcc9ffe","70842850","1745811305","2025-04-28 03:35:05","0x1082f6bf761fce2b585a87a7e787123ad3d5f8a3","0xf99024c6e16c2dcca305daf4406b17d93f22a72f","","0","0","0","0.001956257462074113","0.000237719170210414","0.24","","","Submit Hash By User"
"0x27f8a6ae9b3b958d80698afe5a0f82eb1b9db6d4d82e8d9fefa8ae74d044943f","70842860","1745811325","2025-04-28 03:35:25","0x1082f6bf761fce2b585a87a7e787123ad3d5f8a3","0xf99024c6e16c2dcca305daf4406b17d93f22a72f","","0","0","0","0.001522462000227168","0.000185005506886178","0.24","","","Approve Identity"
"0x8b8f4a2e55b2415d528c1ce8aaf5e56833bc682ce49f54fbb1582fde23629392","70842865","1745811337","2025-04-28 03:35:37","0x1082f6bf761fce2b585a87a7e787123ad3d5f8a3","0xf99024c6e16c2dcca305daf4406b17d93f22a72f","","0","0","0","0.007279358323083612","0.000884568137771096","0.24","","","Submit Proof"
"0x029668db07a2f1d5814b97d5e77a41e350f065b0fcb2bbd878e38a0ae422fac3","70842932","1745811479","2025-04-28 03:37:59","0x1082f6bf761fce2b585a87a7e787123ad3d5f8a3","0xf99024c6e16c2dcca305daf4406b17d93f22a72f","","0","0","0","0.000811308384445424","0.000098588023138138","0.24","","","Submit Hash By User"
"0xb30878ac962cc042a07b6963ef6d2e2af79f130606e58b0065e38723475cde74","70842939","1745811493","2025-04-28 03:38:13","0x1082f6bf761fce2b585a87a7e787123ad3d5f8a3","0xf99024c6e16c2dcca305daf4406b17d93f22a72f","","0","0","0","0.000911674119375438","0.000110784198584199","0.24","","","Approve Identity"
"0x37b9ae825b7870d6ca3f60328ebf7c38a30e6dbd3a59d6bcd07584f033f15ee9","70842943","1745811501","2025-04-28 03:38:21","0x1082f6bf761fce2b585a87a7e787123ad3d5f8a3","0xf99024c6e16c2dcca305daf4406b17d93f22a72f","","0","0","0","0.00650063580489276","0.000789939861873186","0.24","","","Submit Proof"
"0xeadfb2cfceeb5027f30d8461773403899eb2783b050385123d3201b34d6fad61","70843228","1745812109","2025-04-28 03:48:29","0x1082f6bf761fce2b585a87a7e787123ad3d5f8a3","0xf99024c6e16c2dcca305daf4406b17d93f22a72f","","0","0","0","0.00079602920983005","0.0000967313387387258","0.24","","","Submit Hash By User"
"0x93fdb1d0e945e6ca77906e97232bc29e28b6265ce3c251add7121184888d5580","70843234","1745812123","2025-04-28 03:48:43","0x1082f6bf761fce2b585a87a7e787123ad3d5f8a3","0xf99024c6e16c2dcca305daf4406b17d93f22a72f","","0","0","0","0.000916060233121824","0.000111317187385751","0.24","","","Approve Identity"
"0xdd8164b16e37cca636f9d009bdde9f5c8b7bf47f314d976d6d4fd9687da61985","70843255","1745812167","2025-04-28 03:49:27","0x1082f6bf761fce2b585a87a7e787123ad3d5f8a3","0xf99024c6e16c2dcca305daf4406b17d93f22a72f","","0","0","0","0.00641953340903892","0.000780084515826858","0.24","","","Submit Proof"
"0xccb99fbc4703e0648e6aa626dce3878d4baa52e9c50400eb1163d86cd5867bcc","70843268","1745812195","2025-04-28 03:49:55","0x1082f6bf761fce2b585a87a7e787123ad3d5f8a3","0xf99024c6e16c2dcca305daf4406b17d93f22a72f","","0","0","0","0.000810363843693","0.0000984732450742844","0.24","","","Revoke Approved Identity"
"0x878849164b99e23528264da03def13e0f65f0653a790e65ba0fe31df07c3d295","70844119","1745814035","2025-04-28 04:20:35","0x1082f6bf761fce2b585a87a7e787123ad3d5f8a3","0xf99024c6e16c2dcca305daf4406b17d93f22a72f","","0","0","0","0.0008068916703939","0.000098051315869417","0.24","","","Submit Hash By User"
"0x472377a32d91fa9541ee90a5c936d29cc01be4c1c12e33c911e730a0211a59e5","70844124","1745814045","2025-04-28 04:20:45","0x1082f6bf761fce2b585a87a7e787123ad3d5f8a3","0xf99024c6e16c2dcca305daf4406b17d93f22a72f","","0","0","0","0.001460973986730732","0.000177533648079433","0.24","","","Approve Identity"
"0xabde0b2233a9260d2def249797b3d45f71cbc6506f672dd1173e51fabf90c211","70844133","1745814065","2025-04-28 04:21:05","0x1082f6bf761fce2b585a87a7e787123ad3d5f8a3","0xf99024c6e16c2dcca305daf4406b17d93f22a72f","","0","0","0","0.006972326586597132","0.000847258463026932","0.24","","","Submit Proof"
"0x2e924ecfe829361a264c8eeee612abb35564f487a2aad9b78cf16b4530aff595","70844139","1745814077","2025-04-28 04:21:17","0x1082f6bf761fce2b585a87a7e787123ad3d5f8a3","0xf99024c6e16c2dcca305daf4406b17d93f22a72f","","0","0","0","0.0008160507845279","0.0000991643069015322","0.24","","","Revoke Approved Identity"
"0xcc298eca7803aece7410fd9fc9ff1b898e1659786121f46d681dbd14e667040a","70844146","1745814093","2025-04-28 04:21:33","0x1082f6bf761fce2b585a87a7e787123ad3d5f8a3","0xf99024c6e16c2dcca305daf4406b17d93f22a72f","","0","0","0","0.001904733146465094","0.00023145807329976","0.24","","","Submit Hash By User"
"0xb6ac3db182b5c161fa16daab98087c42e95a47eeffd022df82a2a9728a7e7f12","70844153","1745814107","2025-04-28 04:21:47","0x1082f6bf761fce2b585a87a7e787123ad3d5f8a3","0xf99024c6e16c2dcca305daf4406b17d93f22a72f","","0","0","0","0.001454777023401465","0.000176780609683916","0.24","","","Approve Identity"
"0xc3d20a663c789734ff6dd2e39a10353d8506367555f671e38a36768a0b3e6422","70844162","1745814127","2025-04-28 04:22:07","0x1082f6bf761fce2b585a87a7e787123ad3d5f8a3","0xf99024c6e16c2dcca305daf4406b17d93f22a72f","","0","0","0","0.006810219702393048","0.000827559668392031","0.24","","","Submit Proof"
"0x0f49fbcee8a8cdfe7616b83e904e9c5eb46ab34d003772235e99873403955d90","70844175","1745814153","2025-04-28 04:22:33","0x1082f6bf761fce2b585a87a7e787123ad3d5f8a3","0xf99024c6e16c2dcca305daf4406b17d93f22a72f","","0","0","0","0.00080860484902824","0.0000982594967511634","0.24","","","Revoke Approved Identity"
"0x7e941c1f81a34e097b78a944155a8f8cc3871395355a3e03bc7e86a45bf65396","70844194","1745814196","2025-04-28 04:23:16","0x1082f6bf761fce2b585a87a7e787123ad3d5f8a3","0xf99024c6e16c2dcca305daf4406b17d93f22a72f","","0","0","0","0.001728772638776634","0.000210075823422919","0.24","","","Submit Hash By User"
"0x0279c482f26bf3c29a40747b8cd3ff3760012bdad31d8fddf26747b2f46b54e6","70844215","1745814240","2025-04-28 04:24:00","0x1082f6bf761fce2b585a87a7e787123ad3d5f8a3","0xf99024c6e16c2dcca305daf4406b17d93f22a72f","","0","0","0","0.00144190872476457","0.000175216888479889","0.24","","","Approve Identity"
"0x510f210f067bf685f707582533025cc97ce0ad2af73e164708222ce79a9a5051","70844234","1745814280","2025-04-28 04:24:40","0x1082f6bf761fce2b585a87a7e787123ad3d5f8a3","0xf99024c6e16c2dcca305daf4406b17d93f22a72f","","0","0","0","0.006894088957135572","0.000837751235724083","0.24","","","Submit Proof"
"0x7cc387a34b9222501d56ec3cb7b0acb0191b7f25ae6cf5c4784de8285f8c7e36","70844258","1745814332","2025-04-28 04:25:32","0x1082f6bf761fce2b585a87a7e787123ad3d5f8a3","0xf99024c6e16c2dcca305daf4406b17d93f22a72f","","0","0","0","0.00080371707992676","0.0000976655481337089","0.24","","","Revoke Approved Identity"
"0xab0b8698b5f2be7ca1a6cbefbe5f881c994fe0dbe636504347c70f5f47745373","70844280","1745814378","2025-04-28 04:26:18","0x1082f6bf761fce2b585a87a7e787123ad3d5f8a3","0xf99024c6e16c2dcca305daf4406b17d93f22a72f","","0","0","0","0.000791686883275453","0.0000962036708395082","0.24","","","Submit Hash By User"
"0x48772c96fd5b5ff629ab91025fd6b3d220dc1b5afc99990213b3b0b7a56fee03","70844304","1745814430","2025-04-28 04:27:10","0x1082f6bf761fce2b585a87a7e787123ad3d5f8a3","0xf99024c6e16c2dcca305daf4406b17d93f22a72f","","0","0","0","0.001434031401826251","0.000174259657282728","0.24","","","Approve Identity"
"0x9f15060766340112116476e1d691626b08c84eb5101d401c78d05f7c9a1ba61a","70844320","1745814464","2025-04-28 04:27:44","0x1082f6bf761fce2b585a87a7e787123ad3d5f8a3","0xf99024c6e16c2dcca305daf4406b17d93f22a72f","","0","0","0","0.006849012108228504","0.000832273617708238","0.24","","","Submit Proof"
"0x4eaeef8d00183a925f898a042bb2641d0afc6ef1ea034917ea586e403659923f","70844343","1745814512","2025-04-28 04:28:32","0x1082f6bf761fce2b585a87a7e787123ad3d5f8a3","0xf99024c6e16c2dcca305daf4406b17d93f22a72f","","0","0","0","0.00080128922274686","0.0000973705214281835","0.24","","","Revoke Approved Identity"
"0x58a03ada631964bda6fdaf9fdb28eba36d01effdd29a651a2821aafcbc230f94","70844361","1745814550","2025-04-28 04:29:10","0x1082f6bf761fce2b585a87a7e787123ad3d5f8a3","0xf99024c6e16c2dcca305daf4406b17d93f22a72f","","0","0","0","0.00080189969491963","0.0000974447043724845","0.24","","","Submit Hash By User"
"0x701afaada853590a46f4556a27c858bddbcb536df89f220fa9165a9455bcffa9","70845083","1745816117","2025-04-28 04:55:17","0x1082f6bf761fce2b585a87a7e787123ad3d5f8a3","0xf99024c6e16c2dcca305daf4406b17d93f22a72f","","0","0","0","0.000807778442006893","0.0000981590739820855","0.24","","","Submit Hash By User"
"0x592e241a8ec96bcb3afa5a0f2bc1586e72a07fbba7912859a91bb11fa3f810d8","70845736","1745817537","2025-04-28 05:18:57","0x1082f6bf761fce2b585a87a7e787123ad3d5f8a3","0xf99024c6e16c2dcca305daf4406b17d93f22a72f","","0","0","0","0.000797972255463945","0.0000969674524429418","0.24","","","Submit Hash By User"
"0x51c29a2ad8d97e1dcb2daa731a54a59f95c6fb1d5e0965017f771a4b17fbf287","70845741","1745817547","2025-04-28 05:19:07","0x1082f6bf761fce2b585a87a7e787123ad3d5f8a3","0xf99024c6e16c2dcca305daf4406b17d93f22a72f","","0","0","0","0.001445716022149179","0.000175679541066555","0.24","","","Approve Identity"
"0xe03a2fe39a5c3c20182bee51d2eaaa53f161a2cfde502bc87371d249602b6a0e","70845745","1745817557","2025-04-28 05:19:17","0x1082f6bf761fce2b585a87a7e787123ad3d5f8a3","0xf99024c6e16c2dcca305daf4406b17d93f22a72f","","0","0","0","0.006942729540584448","0.000843661909221915","0.24","","","Submit Proof"
"0xde1e548a20465de75051e59b79cb456fa0015c9757e6bc10d6d5889d0c72fabc","70845750","1745817567","2025-04-28 05:19:27","0x1082f6bf761fce2b585a87a7e787123ad3d5f8a3","0xf99024c6e16c2dcca305daf4406b17d93f22a72f","","0","0","0","0.00081225354392832","0.0000987028763884624","0.24","","","Revoke Approved Identity"
"0xf992e4ea178dc1d0ff6dc72ed905b1b41a761f1d7733990b51412703bb71cdcd","70845756","1745817579","2025-04-28 05:19:39","0x1082f6bf761fce2b585a87a7e787123ad3d5f8a3","0xf99024c6e16c2dcca305daf4406b17d93f22a72f","","0","0","0","0.000802519812429034","0.0000975200593922742","0.24","","","Submit Hash By User"
"0xda7e4c7350e78f358cd71b262b2e83402fcf32b782bb66af5efca5378d0f360d","70845760","1745817589","2025-04-28 05:19:49","0x1082f6bf761fce2b585a87a7e787123ad3d5f8a3","0xf99024c6e16c2dcca305daf4406b17d93f22a72f","","0","0","0","0.000802519812457973","0.0000975200593957908","0.24","","","Submit Hash By User"
"0x4c53b36754676557dfd5aa1278cd4edbe0b530a7bd55a80d298471f66cef67de","70845764","1745817597","2025-04-28 05:19:57","0x1082f6bf761fce2b585a87a7e787123ad3d5f8a3","0xf99024c6e16c2dcca305daf4406b17d93f22a72f","","0","0","0","0.000806902003787325","0.0000980525715557252","0.24","","","Submit Hash By User"
"0xbf7b7d9c0947ebad0577bca898639229ef9cf8c946956295c6a1ff4d57838240","70845770","1745817609","2025-04-28 05:20:09","0x1082f6bf761fce2b585a87a7e787123ad3d5f8a3","0xf99024c6e16c2dcca305daf4406b17d93f22a72f","","0","0","0","0.001454220737195346","0.000176713011273236","0.24","","","Approve Identity"
"0x3be62a3e74eba8c74cbbfaa8a008e3d281271c7c7a734988ed1057e8406e2a64","70845773","1745817615","2025-04-28 05:20:15","0x1082f6bf761fce2b585a87a7e787123ad3d5f8a3","0xf99024c6e16c2dcca305daf4406b17d93f22a72f","","0","0","0","0.001454220737142927","0.000176713011266866","0.24","","","Approve Identity"
"0xd98e8c6a7b484d3e4ffcb4a3bc1dff0ea991ea4e4ac0587ca67f3fcf56f7004a","70845777","1745817625","2025-04-28 05:20:25","0x1082f6bf761fce2b585a87a7e787123ad3d5f8a3","0xf99024c6e16c2dcca305daf4406b17d93f22a72f","","0","0","0","0.001445716021782246","0.000175679541021966","0.24","","","Approve Identity"
"0xf9c654c4470f8801d1b999bee2627ff87379270eda38dfa6a83b1a6047b2f7e8","70845783","1745817637","2025-04-28 05:20:37","0x1082f6bf761fce2b585a87a7e787123ad3d5f8a3","0xf99024c6e16c2dcca305daf4406b17d93f22a72f","","0","0","0","0.0069084888679503","0.000839501074340086","0.24","","","Submit Proof"
"0x0bf0c4dbfa4cccf5bf17d8b3766b4d95a6a5e97e0d2efc99cb6c629a1a2e108c","70845786","1745817643","2025-04-28 05:20:43","0x1082f6bf761fce2b585a87a7e787123ad3d5f8a3","0xf99024c6e16c2dcca305daf4406b17d93f22a72f","","0","0","0","0.006926371439521932","0.000841674116568756","0.24","","","Submit Proof"
"0xbfc14d063245912d47654966ff623f9042c8ec2abd77ba09ed819ef89c6f3a55","70845790","1745817651","2025-04-28 05:20:51","0x1082f6bf761fce2b585a87a7e787123ad3d5f8a3","0xf99024c6e16c2dcca305daf4406b17d93f22a72f","","0","0","0","0.006964282490592852","0.000846280966013219","0.24","","","Submit Proof"
"0x63a8ba31eedac1f8a8f8e380a291ca028cfdc0c2be42e48a9412bdfb298debfa","70845795","1745817663","2025-04-28 05:21:03","0x1082f6bf761fce2b585a87a7e787123ad3d5f8a3","0xf99024c6e16c2dcca305daf4406b17d93f22a72f","","0","0","0","0.00082321637219848","0.000100035049934156","0.24","","","Revoke Approved Identity"
"0x430fa9844408d95afba38d889952e2ba50c6faa0dee9678ca8d642ecced1fb98","70845798","1745817669","2025-04-28 05:21:09","0x1082f6bf761fce2b585a87a7e787123ad3d5f8a3","0xf99024c6e16c2dcca305daf4406b17d93f22a72f","","0","0","0","0.0008211242293246","0.0000997808183324464","0.24","","","Revoke Approved Identity"
"0xfb29a58da4769eef9be1f9793d7d4a141a84c76df5a1c705b9b63886a38e0c51","70845801","1745817675","2025-04-28 05:21:15","0x1082f6bf761fce2b585a87a7e787123ad3d5f8a3","0xf99024c6e16c2dcca305daf4406b17d93f22a72f","","0","0","0","0.0008166888865093","0.0000992418473462174","0.24","","","Revoke Approved Identity"
"0x6584a74e40313374386a430309558e6aa20d9a3c81d92386e2df50e3cd7a3250","70880610","1745891814","2025-04-29 01:56:54","0x1082f6bf761fce2b585a87a7e787123ad3d5f8a3","0xf99024c6e16c2dcca305daf4406b17d93f22a72f","","0","0","0","0.001985281618434708","0.000241246107998441","0.24","","","Submit Hash By User"
"0x21c26af3fca1478ecc881b03062eb7c871cbf334c77047622b5a23ae36499ce5","70890781","1745913433","2025-04-29 07:57:13","0x1082f6bf761fce2b585a87a7e787123ad3d5f8a3","0xf99024c6e16c2dcca305daf4406b17d93f22a72f","","0","0","0","0.000945122736704","0.000114848785025495","0.24","","","Submit Hash By User"
"0xb11389e18f620832d9888fedb28338dfd537f5a7c9b2d4103b72106bc691eac9","70890927","1745913743","2025-04-29 08:02:23","0x1082f6bf761fce2b585a87a7e787123ad3d5f8a3","0xf99024c6e16c2dcca305daf4406b17d93f22a72f","","0","0","0","0.000939476718009724","0.000114162695947234","0.24","","","Submit Hash By User"
"0x7a71921e733d2137eb750e375171b11b81a936d205908f5471fd3704da0e8721","70890977","1745913851","2025-04-29 08:04:11","0x1082f6bf761fce2b585a87a7e787123ad3d5f8a3","0xf99024c6e16c2dcca305daf4406b17d93f22a72f","","0","0","0","0.000855769258444113","0.000103990789531981","0.24","","","Submit Hash By User"
"0xe2721247f9f3c33313754de5737a551338da05d0734c0288e4d428f3327c0708","70921850","1745979707","2025-04-30 02:21:47","0x1082f6bf761fce2b585a87a7e787123ad3d5f8a3","0xf99024c6e16c2dcca305daf4406b17d93f22a72f","","0","0","0","0.000739909082124512","0.0000899117710443394","0.24","","","Submit Hash By User"
"0x7c07347eeebbc291feb922f24f9eb1c8fa138fa647f6ab183668ce1832ae1b85","70921914","1745979843","2025-04-30 02:24:03","0x1082f6bf761fce2b585a87a7e787123ad3d5f8a3","0xf99024c6e16c2dcca305daf4406b17d93f22a72f","","0","0","0","0.001329628773858936","0.000161572929400876","0.24","","","Approve Identity"
"0xc88d590477dbe4648d75657b318f4362db2530befaa31d92d1e71447ec127a66","71045280","1746243020","2025-05-03 03:30:20","0x1082f6bf761fce2b585a87a7e787123ad3d5f8a3","0xf99024c6e16c2dcca305daf4406b17d93f22a72f","","0","0","0","0.001928619947727792","0.000234360733448149","0.23","","","Submit Hash By User"
"0x33e6c1a3ec02485f59b1808526142a5027e71c0dda010b2c3ee06e359eaef11e","71045313","1746243090","2025-05-03 03:31:30","0x1082f6bf761fce2b585a87a7e787123ad3d5f8a3","0xf99024c6e16c2dcca305daf4406b17d93f22a72f","","0","0","0","0.001498378397328318","0.00018207893192977","0.23","","","Approve Identity"
"0xe29942070f70092b331753ee4a4ee442ca9d5ddfe7b9c00ece65c123f5b47f4d","71045511","1746243542","2025-05-03 03:39:02","0x1082f6bf761fce2b585a87a7e787123ad3d5f8a3","0xf99024c6e16c2dcca305daf4406b17d93f22a72f","","0","0","0","0.007072236634058148","0.000859399264551561","0.23","","","Submit Proof"
"0xa08cfb961c78e20ef5c724b4c776682822e536321de48d68087836aa7bdaa28a","71046943","1746246648","2025-05-03 04:30:48","0x1082f6bf761fce2b585a87a7e787123ad3d5f8a3","0xf99024c6e16c2dcca305daf4406b17d93f22a72f","","0","0","0","0.001949768234866617","0.000236930616690758","0.23","","","Submit Hash By User"
"0x71f27f7a9d63e78318eeb233f15d088186ca013371a5bc12707c80750b8e10ea","71047021","1746246814","2025-05-03 04:33:34","0x1082f6bf761fce2b585a87a7e787123ad3d5f8a3","0xf99024c6e16c2dcca305daf4406b17d93f22a72f","","0","0","0","0.000810294067865184","0.0000984647661024666","0.23","","","Submit Hash By User"
"0x7b6d8c7005e65c63ef0108d31fa162be59ad857d4e717a3592faf6f113c7cf2c","71047244","1746247288","2025-05-03 04:41:28","0x1082f6bf761fce2b585a87a7e787123ad3d5f8a3","0xf99024c6e16c2dcca305daf4406b17d93f22a72f","","0","0","0","0.000827167365700762","0.000100515164088391","0.23","","","Submit Hash By User"
"0x0ce4b5cf637bf43566b69ac5828c91c7c61c9a230171072ca897e4784fe3444c","71047317","1746247444","2025-05-03 04:44:04","0x1082f6bf761fce2b585a87a7e787123ad3d5f8a3","0xf99024c6e16c2dcca305daf4406b17d93f22a72f","","0","0","0","0.00148260422013228","0.000180162096141797","0.23","","","Approve Identity"
"0xc857e001cfac752881403e77b804c69d47ac1a2a59fc2e1f68fd6a38ad23885d","71048800","1746250662","2025-05-03 05:37:42","0x1082f6bf761fce2b585a87a7e787123ad3d5f8a3","0xf99024c6e16c2dcca305daf4406b17d93f22a72f","","0","0","0","0.001932336271170888","0.000234812331124964","0.23","","","Submit Hash By User"
"0x51d3e959e70a7a294260e4d11bc1488584f56ce7d2b7adafd0d615d9404ed671","71048933","1746250944","2025-05-03 05:42:24","0x1082f6bf761fce2b585a87a7e787123ad3d5f8a3","0xf99024c6e16c2dcca305daf4406b17d93f22a72f","","0","0","0","0.000819387115203494","0.0000995697288744196","0.23","","","Submit Hash By User"
"0x534dad09027fbbb8b86c204aca84a88b1b35ee193acc07ea000f5631ca4ca1b8","71048953","1746251006","2025-05-03 05:43:26","0x1082f6bf761fce2b585a87a7e787123ad3d5f8a3","0xf99024c6e16c2dcca305daf4406b17d93f22a72f","","0","0","0","0.001482386876700312","0.000180135685149737","0.23","","","Approve Identity"
"0x2cc2d4ee98fb1bdf2c678a3ba1f72a6fc7f007894d5f2545b75f7c2b184a5160","71049034","1746251190","2025-05-03 05:46:30","0x1082f6bf761fce2b585a87a7e787123ad3d5f8a3","0xf99024c6e16c2dcca305daf4406b17d93f22a72f","","0","0","0","0.007063954300664832","0.000858392817568055","0.23","","","Submit Proof"
"0x21f3c032ea2927c4cf4f0865b4ef324350ac6c8737aaf8b19e54ca8dada6e8dd","71049060","1746251246","2025-05-03 05:47:26","0x1082f6bf761fce2b585a87a7e787123ad3d5f8a3","0xf99024c6e16c2dcca305daf4406b17d93f22a72f","","0","0","0","0.000910532001756026","0.00011064541150835","0.23","","","Approve Identity"
"0x3c5c6530d3f0dfc1a3927e558afd7f13bb849a0b8f703b10b1be5e3bb876199d","71049073","1746251274","2025-05-03 05:47:54","0x1082f6bf761fce2b585a87a7e787123ad3d5f8a3","0xf99024c6e16c2dcca305daf4406b17d93f22a72f","","0","0","0","0.000911088178863243","0.000110712996661624","0.23","","","Approve Identity"
"0xf689785678a6c4651bf0867a0c806d86b490e2f273ab64f3711840046582b40b","71206668","1746587172","2025-05-07 03:06:12","0x1082f6bf761fce2b585a87a7e787123ad3d5f8a3","0xf99024c6e16c2dcca305daf4406b17d93f22a72f","","0","0","0","0.006420009291652308","0.000780142343808177","0.22","","","Submit Proof"
"0x8d03ae4427c25c322306a33ac1363f9b536ced390cf8cb2d2df8f849e73237ba","71206676","1746587190","2025-05-07 03:06:30","0x1082f6bf761fce2b585a87a7e787123ad3d5f8a3","0xf99024c6e16c2dcca305daf4406b17d93f22a72f","","0","0","0","0.005943102119656912","0.000722189860869689","0.22","","","Submit Proof"
"0x425eccc9c62c5c7683312abc9ad8884114ba51cc18949bcc23800a5b9c1df8d9","71206734","1746587312","2025-05-07 03:08:32","0x1082f6bf761fce2b585a87a7e787123ad3d5f8a3","0xf99024c6e16c2dcca305daf4406b17d93f22a72f","","0","0","0","0.00587025553056152","0.000713337738361205","0.22","","","Submit Proof"
"0x1bbce3e50bff2597659fb72c965485e75976a4903796cc74534393d492ba2d76","71206756","1746587360","2025-05-07 03:09:20","0x1082f6bf761fce2b585a87a7e787123ad3d5f8a3","0xf99024c6e16c2dcca305daf4406b17d93f22a72f","","0","0","0","0.00595831355483664","0.000724038313754209","0.22","","","Submit Proof"
"0x1eb5db24f801855ef3fc3095dc0d2d9007224cb42443a07d332df47d576a608a","71206773","1746587396","2025-05-07 03:09:56","0x1082f6bf761fce2b585a87a7e787123ad3d5f8a3","0xf99024c6e16c2dcca305daf4406b17d93f22a72f","","0","0","0","0.006051036653841404","0.000735305776540718","0.22","","","Submit Proof"
"0x1b7034b9085c7c275232c58b8685359d33a8ae4c461d79d8e991ba603bca9a12","71206806","1746587468","2025-05-07 03:11:08","0x1082f6bf761fce2b585a87a7e787123ad3d5f8a3","0xf99024c6e16c2dcca305daf4406b17d93f22a72f","","0","0","0","0.00594278252069306","0.000722151024059116","0.22","","","Submit Proof"
"0x93a1062755249f83892c06a40c3bf7963512214a7791b97f4f71e2151ddbe8b7","71206841","1746587542","2025-05-07 03:12:22","0x1082f6bf761fce2b585a87a7e787123ad3d5f8a3","0xf99024c6e16c2dcca305daf4406b17d93f22a72f","","0","0","0","0.006080610410325728","0.00073889950026459","0.22","","","Submit Proof"
"0xa145bebc7614a48ad799defd1d942f6c0bbf56738fae8a17899875b739f0928d","71335355","1746861281","2025-05-10 07:14:41","0x1082f6bf761fce2b585a87a7e787123ad3d5f8a3","0xf99024c6e16c2dcca305daf4406b17d93f22a72f","","0","0","0","0.005510382954782607","0.000669606986272497","0.27","","","Submit Hash By User"
"0x1f773cd9829410be536fc656dbbe31ebfc669b9296c98f7b60d74f1e130646b8","71335400","1746861377","2025-05-10 07:16:17","0x1082f6bf761fce2b585a87a7e787123ad3d5f8a3","0xf99024c6e16c2dcca305daf4406b17d93f22a72f","","0","0","0","0.002117083006976104","0.00025726225992326","0.27","","","Submit Hash By User"
"0x7253cf867161e46af8244c369c695703a23b9c653e3d7725bcd19b73ff17e3b6","71335487","1746861561","2025-05-10 07:19:21","0x1082f6bf761fce2b585a87a7e787123ad3d5f8a3","0xf99024c6e16c2dcca305daf4406b17d93f22a72f","","0","0","0","0.010289823357496984","0.00125039179023116","0.27","","","Submit Proof"
"0xf1e2e291592d5fa9efa5478e6980c0b25febfa290c2bb2fccaa52a6720249416","71336385","1746863496","2025-05-10 07:51:36","0x1082f6bf761fce2b585a87a7e787123ad3d5f8a3","0xf99024c6e16c2dcca305daf4406b17d93f22a72f","","0","0","0","0.004380561223559772","0.000532314073842032","0.27","","","Approve Identity"
"0x12705942b9eecbff3b7d937094bd8bfde7950c92e291cb0a51329e746cfb5bec","72317753","1748964356","2025-06-03 15:25:56","0x1082f6bf761fce2b585a87a7e787123ad3d5f8a3","0xf99024c6e16c2dcca305daf4406b17d93f22a72f","","0","0","0","0.005232875542098963","0.000635885028325075","0.22","","","Submit Hash By User"
"0x341116914f40d082022248a91cc039e132987ed6a0e858524d068b5c0e48e86f","72317777","1748964408","2025-06-03 15:26:48","0x1082f6bf761fce2b585a87a7e787123ad3d5f8a3","0xf99024c6e16c2dcca305daf4406b17d93f22a72f","","0","0","0","0.002083150070884584","0.000253138820362331","0.22","","","Submit Hash By User"
"0x6a8accb488394012be7bff4747186ec1faf582c2afc8d747b7b8c1cf661df47f","72317841","1748964544","2025-06-03 15:29:04","0x1082f6bf761fce2b585a87a7e787123ad3d5f8a3","0xf99024c6e16c2dcca305daf4406b17d93f22a72f","","0","0","0","0.001872386693765062","0.000227527418953809","0.22","","","Submit Hash By User"
"0x4bb2c448512d4debc9e2c115989f7bce21072155e1b5aca66fa516319293a414","72317905","1748964680","2025-06-03 15:31:20","0x1082f6bf761fce2b585a87a7e787123ad3d5f8a3","0xf99024c6e16c2dcca305daf4406b17d93f22a72f","","0","0","0","0.001655328759803851","0.000201151119847382","0.22","","","Submit Hash By User"
"0x7d4f9f9fe09d9e0c6dabc99a512ba214e6a6c5878ca5c9274ff7a89678cdcafc","72318088","1748965068","2025-06-03 15:37:48","0x1082f6bf761fce2b585a87a7e787123ad3d5f8a3","0xf99024c6e16c2dcca305daf4406b17d93f22a72f","","0","0","0","0.003144502238313153","0.000382111494682326","0.22","","","Approve Identity"
"0xce7120655867372647960913f34a545d8852d3ae495d432c060af644e8ff64b6","72318132","1748965162","2025-06-03 15:39:22","0x1082f6bf761fce2b585a87a7e787123ad3d5f8a3","0xf99024c6e16c2dcca305daf4406b17d93f22a72f","","0","0","0","0.001839101184044228","0.000223482652912391","0.22","","","Approve Identity"
"0xd1aa2aa5dd751c34c99a2303cda8d5c9d429dd9c5c6ff7afc8c827b89d23fad1","72321665","1748972670","2025-06-03 17:44:30","0x1082f6bf761fce2b585a87a7e787123ad3d5f8a3","0xf99024c6e16c2dcca305daf4406b17d93f22a72f","","0","0","0","0.014024259702891432","0.00170419049844902","0.22","","","Submit Proof"
"0xe081d8a5d2008138154e9a3b81bd98f237faf2b2c4cc1f97c1505d1b43521932","72321720","1748972786","2025-06-03 17:46:26","0x1082f6bf761fce2b585a87a7e787123ad3d5f8a3","0xf99024c6e16c2dcca305daf4406b17d93f22a72f","","0","0","0","0.002078056860024753","0.000252519907012336","0.22","","","Approve Identity"
"0x2803550552ef665d057ea3058d7b2d8a9f572fee2903562e265dfa44d9a4db10","72327126","1748984274","2025-06-03 20:57:54","0x1082f6bf761fce2b585a87a7e787123ad3d5f8a3","0xf99024c6e16c2dcca305daf4406b17d93f22a72f","","0","0","0","0.001799981032841607","0.000218728876856486","0.22","","","Submit Hash By User"
"0x4f29948bab0253febe79a00c3a0763ef94eb30cc41a667a3a4538a0f2c454974","72327245","1748984526","2025-06-03 21:02:06","0x1082f6bf761fce2b585a87a7e787123ad3d5f8a3","0xf99024c6e16c2dcca305daf4406b17d93f22a72f","","0","0","0","0.000831799291860089","0.000101078023356365","0.22","","","Submit Hash By User"
"0x5563911d2f6f6e501eb2cc2ccb52c9fb5a154b4df009ce5df2ff5f6d79c1bfa0","72327259","1748984556","2025-06-03 21:02:36","0x1082f6bf761fce2b585a87a7e787123ad3d5f8a3","0xf99024c6e16c2dcca305daf4406b17d93f22a72f","","0","0","0","0.001362894311997888","0.000165615268549124","0.22","","","Approve Identity"
"0xd9959b040eec97fdfa1e054a2b9205e392d03cf4bc922ee1bd746a60fdf89c00","72327273","1748984586","2025-06-03 21:03:06","0x1082f6bf761fce2b585a87a7e787123ad3d5f8a3","0xf99024c6e16c2dcca305daf4406b17d93f22a72f","","0","0","0","0.000860824545141006","0.000104605094439213","0.22","","","Approve Identity"
"0x733c221cd7f4fbd69439c9f76e12a1917cf55fb14efefcd77273f88e2f91c3a9","72827276","1750052233","2025-06-16 05:37:13","0x1082f6bf761fce2b585a87a7e787123ad3d5f8a3","0xf99024c6e16c2dcca305daf4406b17d93f22a72f","","0","0","0","0.005937403069024614","0.000721497327492277","0.20","","","Submit Hash By User"
"0x5386391495ab8fa1c8ebeece92ca9d9dc905c7e11c3bcd927bd2593004166d74","72827285","1750052253","2025-06-16 05:37:33","0x1082f6bf761fce2b585a87a7e787123ad3d5f8a3","0xf99024c6e16c2dcca305daf4406b17d93f22a72f","","0","0","0","0.002576389413846106","0.000313075944998076","0.20","","","Submit Hash By User"
"0x4c5f9a5ed767886e81707c919045fb2a4b508031fb9bcce4286c1d6130805b14","72827323","1750052333","2025-06-16 05:38:53","0x1082f6bf761fce2b585a87a7e787123ad3d5f8a3","0xf99024c6e16c2dcca305daf4406b17d93f22a72f","","0","0","0","0.002228772583342679","0.000270834478268623","0.20","","","Submit Hash By User"
"0xc2aef1eb13dfb536b692acdf6864f8245f206b15b9fc276a029a539e900cc9fc","72827349","1750052389","2025-06-16 05:39:49","0x1082f6bf761fce2b585a87a7e787123ad3d5f8a3","0xf99024c6e16c2dcca305daf4406b17d93f22a72f","","0","0","0","0.002089966215731577","0.000253967100038434","0.20","","","Submit Hash By User"
"0x40ce56b0385e48af24d3529b4506281e2405bd2a55275b2f9da3594c4698603c","72827375","1750052443","2025-06-16 05:40:43","0x1082f6bf761fce2b585a87a7e787123ad3d5f8a3","0xf99024c6e16c2dcca305daf4406b17d93f22a72f","","0","0","0","0.001802649728766887","0.000219053169641664","0.20","","","Submit Hash By User"
"0x57558bcdfbe6fbe6dbc0bc7324ef5ae1697bf56d3b819e202191c7105128f8f6","72828507","1750054852","2025-06-16 06:20:52","0x1082f6bf761fce2b585a87a7e787123ad3d5f8a3","0xf99024c6e16c2dcca305daf4406b17d93f22a72f","","0","0","0","0.000752193809486641","0.0000914045782291822","0.20","","","Submit Hash By User"
"0x6642b48449f3e73fce111cbc6cd732e80aea1132b407d748d5cc991b080b30be","72828564","1750054974","2025-06-16 06:22:54","0x1082f6bf761fce2b585a87a7e787123ad3d5f8a3","0xf99024c6e16c2dcca305daf4406b17d93f22a72f","","0","0","0","0.001375271504676957","0.000167119311871766","0.20","","","Approve Identity"
"0xb11ba8459b36338ab588d56bc0abaebbc4ea09c3c412b382186da9646b73013d","72828742","1750055352","2025-06-16 06:29:12","0x1082f6bf761fce2b585a87a7e787123ad3d5f8a3","0xf99024c6e16c2dcca305daf4406b17d93f22a72f","","0","0","0","0.006448371646720536","0.000783588861274689","0.20","","","Submit Proof"
"0x58f83a4a9b86e2c5c660085a963bc0f2ac6bc9b2f385c47b9d1645bb5bf16902","74374761","1753409938","2025-07-25 02:18:58","0x1082f6bf761fce2b585a87a7e787123ad3d5f8a3","0xf99024c6e16c2dcca305daf4406b17d93f22a72f","","0","0","0","0.001774858091336748","0.000215676004254816","0.23","","","Submit Hash By User"
"0xac2aefd18be68cc32b5a59b3e6622f78ffa4aee8b02a99e6b3ede22eaf990056","74497110","1753670833","2025-07-28 02:47:13","0x1082f6bf761fce2b585a87a7e787123ad3d5f8a3","0xf99024c6e16c2dcca305daf4406b17d93f22a72f","","0","0","0","0.001780295945984523","0.000216336797795367","0.23","","","Submit Hash By User"
"0xef17f7609ef7ef8550e497a64019049f47417b2900c7e8f4d8f5e5085ed0b0e2","74497740","1753672173","2025-07-28 03:09:33","0x1082f6bf761fce2b585a87a7e787123ad3d5f8a3","0xf99024c6e16c2dcca305daf4406b17d93f22a72f","","0","0","0","0.001820481569424606","0.000221220047185473","0.23","","","Submit Hash By User"
"0x96aac9eeeb2c676036a1956d3f0cc3cdd94c0dd43afde89b43fad58013a635a8","74497744","1753672183","2025-07-28 03:09:43","0x1082f6bf761fce2b585a87a7e787123ad3d5f8a3","0xf99024c6e16c2dcca305daf4406b17d93f22a72f","","0","0","0","0.001362967204234299","0.000165624126218572","0.23","","","Approve Identity"
"0xb7c4710cf0348d29bcf5e182adc87889d66af1d94cd3c2d728b5f50c0a890d9e","74498128","1753672999","2025-07-28 03:23:19","0x1082f6bf761fce2b585a87a7e787123ad3d5f8a3","0xf99024c6e16c2dcca305daf4406b17d93f22a72f","","0","0","0","0.001772616325164234","0.000215403590830373","0.23","","","Submit Hash By User"
"0xf6ff2f396222ccba7449188c28722e03f8715f347c0ed2c0a5b5d4b9ccb8ad2b","74498133","1753673009","2025-07-28 03:23:29","0x1082f6bf761fce2b585a87a7e787123ad3d5f8a3","0xf99024c6e16c2dcca305daf4406b17d93f22a72f","","0","0","0","0.00134215277564502","0.000163094812573219","0.23","","","Approve Identity"
"0xd835852af9595e8a44fbb264b5076c39ade180f437d681bac3bab589b7e7f36d","74498528","1753673849","2025-07-28 03:37:29","0x1082f6bf761fce2b585a87a7e787123ad3d5f8a3","0xf99024c6e16c2dcca305daf4406b17d93f22a72f","","0","0","0","0.001776349217730846","0.000215857201942725","0.23","","","Submit Hash By User"
"0xf87543ec4c1464562908db509adf2af8ad54203b4d292c0d61f0ad1f31bb58a8","74498532","1753673857","2025-07-28 03:37:37","0x1082f6bf761fce2b585a87a7e787123ad3d5f8a3","0xf99024c6e16c2dcca305daf4406b17d93f22a72f","","0","0","0","0.001355544784962579","0.000164722173697273","0.23","","","Approve Identity"
"0x2c75e221c406dbd97c71cb5a731872497bbe2165f3d3addaff07a1392e85e282","74498944","1753674733","2025-07-28 03:52:13","0x1082f6bf761fce2b585a87a7e787123ad3d5f8a3","0xf99024c6e16c2dcca305daf4406b17d93f22a72f","","0","0","0","0.001769553507587205","0.000215031405437073","0.23","","","Submit Hash By User"
"0xfb4468083383ce38bb740169eed8fffa8043f8461c6ed7cbe2f35ac6f00f81d6","74498947","1753674739","2025-07-28 03:52:19","0x1082f6bf761fce2b585a87a7e787123ad3d5f8a3","0xf99024c6e16c2dcca305daf4406b17d93f22a72f","","0","0","0","0.001347029810522151","0.000163687456796464","0.23","","","Approve Identity"
"0xf647fe787ac3a27339eedcdb9d3d139364b638e393b8d28d5bc29f785ed78d9f","74499237","1753675355","2025-07-28 04:02:35","0x1082f6bf761fce2b585a87a7e787123ad3d5f8a3","0xf99024c6e16c2dcca305daf4406b17d93f22a72f","","0","0","0","0.001763603533186641","0.000214308380475023","0.23","","","Submit Hash By User"
"0x509ee959346cd6bd6b7067e7262ae5465416a96a985882d47b4baa3977b9d1a2","74499242","1753675365","2025-07-28 04:02:45","0x1082f6bf761fce2b585a87a7e787123ad3d5f8a3","0xf99024c6e16c2dcca305daf4406b17d93f22a72f","","0","0","0","0.001340524573727253","0.000162896957834602","0.23","","","Approve Identity"
"0x91e13a5044229b065f93e78db0b30ce05319956c40568b6bbc97c6925ebffe9a","74499584","1753676093","2025-07-28 04:14:53","0x1082f6bf761fce2b585a87a7e787123ad3d5f8a3","0xf99024c6e16c2dcca305daf4406b17d93f22a72f","","0","0","0","0.001748393316824331","0.000212460075697934","0.23","","","Submit Hash By User"
"0xd9a49cc57678d779160ef03ebef00cb1debb1b663456d2202e4bc22d06ce0e4a","74499588","1753676101","2025-07-28 04:15:01","0x1082f6bf761fce2b585a87a7e787123ad3d5f8a3","0xf99024c6e16c2dcca305daf4406b17d93f22a72f","","0","0","0","0.001329336528393678","0.000161537416514231","0.23","","","Approve Identity"
"0x4710e333998b908857c0b29adbb1e66de520b0ccc1e8054a41e10b6f35653dc5","74857799","1754457633","2025-08-06 05:20:33","0x1082f6bf761fce2b585a87a7e787123ad3d5f8a3","0xf99024c6e16c2dcca305daf4406b17d93f22a72f","","0","0","0","0.001798310451671118","0.000218525872304521","0.22","","","Submit Hash By User"
"0x89dd275a650a540df55a11b048488b027afd91d24fe2d597fbce8dcb20cd833b","74870992","1754485677","2025-08-06 13:07:57","0x1082f6bf761fce2b585a87a7e787123ad3d5f8a3","0xf99024c6e16c2dcca305daf4406b17d93f22a72f","","0","0","0","0.001350725498367921","0.000164136546890731","0.22","","","Approve Identity"
